class	geometry
9	<Point><coordinates>3.93333,47.35</coordinates></Point>
9	<Point><coordinates>-1.16667,44.65</coordinates></Point>
2	<Point><coordinates>16.2667,49.3667</coordinates></Point>
7	<Point><coordinates>74.3667,42.3</coordinates></Point>
7	<Point><coordinates>73.4,42.1833</coordinates></Point>
7	<Point><coordinates>73.6333,42.5833</coordinates></Point>
7	<Point><coordinates>76.35,42.8</coordinates></Point>
7	<Point><coordinates>72.4667,37.35</coordinates></Point>
9	<Point><coordinates>-84.4639,37.9169</coordinates></Point>
9	<Point><coordinates>-71.4378,41.8972</coordinates></Point>
1	<Point><coordinates>-71.1445,42.3634</coordinates></Point>
11	<Point><coordinates>18.3667,63.0833</coordinates></Point>
7	<Point><coordinates>-86.1859,43.5139</coordinates></Point>
1	<Point><coordinates>-86.1739,43.5187</coordinates></Point>
1	<Point><coordinates>-86.514,42.03</coordinates></Point>
1	<Point><coordinates>-4.5,50.5</coordinates></Point>
1	<Point><coordinates>-1.7,52.2</coordinates></Point>
9	<Point><coordinates>0.4,51.3</coordinates></Point>
9	<Point><coordinates>0.4,51.1</coordinates></Point>
1	<Point><coordinates>-3,54.5</coordinates></Point>
9	<Point><coordinates>-3.3,54.6</coordinates></Point>
1	<Point><coordinates>-3.4,54.7</coordinates></Point>
9	<Point><coordinates>-4.1,56.6</coordinates></Point>
9	<Point><coordinates>-1.5,54.1</coordinates></Point>
9	<Point><coordinates>-2.3,54.1</coordinates></Point>
9	<Point><coordinates>-3.1,51</coordinates></Point>
9	<Point><coordinates>-5.2,56.4</coordinates></Point>
9	<Point><coordinates>-5.5,57.4</coordinates></Point>
9	<Point><coordinates>-3.1,52.9</coordinates></Point>
11	<Point><coordinates>17.4914,63.0167</coordinates></Point>
2	<Point><coordinates>16.2,49.1</coordinates></Point>
11	<Point><coordinates>17.7339,62.6437</coordinates></Point>
6	<Point><coordinates>13.4,55.66</coordinates></Point>
2	<Point><coordinates>13.9,56.09</coordinates></Point>
3	<Point><coordinates>15.8155,56.1481</coordinates></Point>
3	<Point><coordinates>16.1408,56.4573</coordinates></Point>
3	<Point><coordinates>13.2145,55.7097</coordinates></Point>
3	<Point><coordinates>13.2197,55.6525</coordinates></Point>
3	<Point><coordinates>13.2233,55.6514</coordinates></Point>
3	<Point><coordinates>13.2147,55.6494</coordinates></Point>
3	<Point><coordinates>13.2264,55.6481</coordinates></Point>
3	<Point><coordinates>13.2178,55.6561</coordinates></Point>
3	<Point><coordinates>13.2386,55.6575</coordinates></Point>
3	<Point><coordinates>13.1211,55.7967</coordinates></Point>
3	<Point><coordinates>13.1186,55.7931</coordinates></Point>
3	<Point><coordinates>13.1222,55.7942</coordinates></Point>
1	<Point><coordinates>13.1206,55.7989</coordinates></Point>
3	<Point><coordinates>13.1233,55.7936</coordinates></Point>
3	<Point><coordinates>13.1219,55.7989</coordinates></Point>
3	<Point><coordinates>13.1044,55.7967</coordinates></Point>
3	<Point><coordinates>13.1342,55.8097</coordinates></Point>
3	<Point><coordinates>13.1367,55.8</coordinates></Point>
6	<Point><coordinates>13.3075,55.8364</coordinates></Point>
6	<Point><coordinates>13.3106,55.8403</coordinates></Point>
3	<Point><coordinates>13.3047,55.8411</coordinates></Point>
3	<Point><coordinates>13.2881,55.8397</coordinates></Point>
6	<Point><coordinates>13.3181,55.8369</coordinates></Point>
6	<Point><coordinates>13.3186,55.8386</coordinates></Point>
6	<Point><coordinates>13.2906,55.8364</coordinates></Point>
3	<Point><coordinates>13.2906,55.8383</coordinates></Point>
6	<Point><coordinates>13.5519,55.9336</coordinates></Point>
6	<Point><coordinates>13.5603,55.9419</coordinates></Point>
6	<Point><coordinates>13.5511,55.9403</coordinates></Point>
6	<Point><coordinates>13.5539,55.9392</coordinates></Point>
6	<Point><coordinates>13.5558,55.9428</coordinates></Point>
6	<Point><coordinates>13.5533,55.9497</coordinates></Point>
6	<Point><coordinates>13.5508,55.9319</coordinates></Point>
6	<Point><coordinates>13.5481,55.9281</coordinates></Point>
6	<Point><coordinates>13.5319,55.9261</coordinates></Point>
3	<Point><coordinates>13.2244,55.6528</coordinates></Point>
11	<Point><coordinates>18.3447,62.8714</coordinates></Point>
11	<Point><coordinates>18.3436,62.8717</coordinates></Point>
11	<Point><coordinates>18.3419,62.8717</coordinates></Point>
11	<Point><coordinates>18.3422,62.8719</coordinates></Point>
11	<Point><coordinates>17.69,62.6322</coordinates></Point>
9	<Point><coordinates>17.6906,62.6322</coordinates></Point>
11	<Point><coordinates>18.4522,62.8892</coordinates></Point>
3	<Point><coordinates>14.1386,55.7683</coordinates></Point>
3	<Point><coordinates>14.1383,55.7686</coordinates></Point>
3	<Point><coordinates>14.1375,55.7689</coordinates></Point>
3	<Point><coordinates>14.1369,55.7692</coordinates></Point>
3	<Point><coordinates>14.1347,55.7694</coordinates></Point>
3	<Point><coordinates>14.1342,55.7706</coordinates></Point>
3	<Point><coordinates>14.1342,55.7708</coordinates></Point>
3	<Point><coordinates>14.1331,55.7708</coordinates></Point>
3	<Point><coordinates>14.1211,55.7719</coordinates></Point>
3	<Point><coordinates>14.1206,55.7717</coordinates></Point>
3	<Point><coordinates>14.1208,55.7714</coordinates></Point>
11	<Point><coordinates>18.1842,62.8836</coordinates></Point>
11	<Point><coordinates>18.1836,62.8839</coordinates></Point>
11	<Point><coordinates>18.3283,63.0167</coordinates></Point>
11	<Point><coordinates>18.3283,63.0169</coordinates></Point>
11	<Point><coordinates>18.3283,63.0172</coordinates></Point>
11	<Point><coordinates>18.3589,62.9611</coordinates></Point>
2	<Point><coordinates>13.90045,56.27373</coordinates></Point>
11	<Point><coordinates>18.4728,62.9169</coordinates></Point>
9	<Point><coordinates>6.4333,51.85</coordinates></Point>
9	<Point><coordinates>1.3,45</coordinates></Point>
9	<Point><coordinates>4.4,51.2167</coordinates></Point>
5	<Point><coordinates>-23.6167,15.1111</coordinates></Point>
9	<Point><coordinates>6.3,50.3</coordinates></Point>
7	<Point><coordinates>68.49,38.48</coordinates></Point>
7	<Point><coordinates>37.6322,55.7522</coordinates></Point>
9	<Point><coordinates>8.3,50.3</coordinates></Point>
9	<Point><coordinates>4.45,52.24</coordinates></Point>
9	<Point><coordinates>3.3,46</coordinates></Point>
10	<Point><coordinates>-3.53333,38.3333</coordinates></Point>
7	<Point><coordinates>68.48,38.35</coordinates></Point>
2	<Point><coordinates>8.26,47.25</coordinates></Point>
1	<Point><coordinates>-2.2207,57.1539</coordinates></Point>
9	<Point><coordinates>7.62551,48.0683</coordinates></Point>
1	<Point><coordinates>-2.4333,54.8</coordinates></Point>
2	<Point><coordinates>5.73,53.448</coordinates></Point>
9	<Point><coordinates>5.3,50.3</coordinates></Point>
9	<Point><coordinates>5.5833,51.8333</coordinates></Point>
9	<Point><coordinates>9.57073,50.9167</coordinates></Point>
9	<Point><coordinates>6.1,51.3333</coordinates></Point>
9	<Point><coordinates>7.5,47.5</coordinates></Point>
9	<Point><coordinates>5.675,52</coordinates></Point>
3	<Point><coordinates>13.287,52.4584</coordinates></Point>
9	<Point><coordinates>-4.79821,56.5459</coordinates></Point>
2	<Point><coordinates>11.3396,44.5041</coordinates></Point>
9	<Point><coordinates>-3.2667,54.4</coordinates></Point>
9	<Point><coordinates>9.3166,49.5166</coordinates></Point>
9	<Point><coordinates>8.6667,50.0167</coordinates></Point>
9	<Point><coordinates>9.5,50.5</coordinates></Point>
9	<Point><coordinates>8.26607,50.2981</coordinates></Point>
5	<Point><coordinates>-13.4811,29.2144</coordinates></Point>
9	<Point><coordinates>1.33867,48.0717</coordinates></Point>
7	<Point><coordinates>34.7361,53.7502</coordinates></Point>
8	<Point><coordinates>-8.25,40.12</coordinates></Point>
4	<Point><coordinates>-8.42639,40.2077</coordinates></Point>
1	<Point><coordinates>2.823,49.416</coordinates></Point>
9	<Point><coordinates>8.2372,50.7224</coordinates></Point>
2	<Point><coordinates>13.7336,51.051</coordinates></Point>
9	<Point><coordinates>9.68253,51.5105</coordinates></Point>
9	<Point><coordinates>11.0087,49.5955</coordinates></Point>
3	<Point><coordinates>24.5682,60.1997</coordinates></Point>
2	<Point><coordinates>24.9871,58.6656</coordinates></Point>
9	<Point><coordinates>2.56481,44.6447</coordinates></Point>
9	<Point><coordinates>8.6822,50.1102</coordinates></Point>
9	<Point><coordinates>5.86667,51.0167</coordinates></Point>
9	<Point><coordinates>8.67825,50.584</coordinates></Point>
9	<Point><coordinates>9.44,52.24</coordinates></Point>
2	<Point><coordinates>9.73569,52.3721</coordinates></Point>
3	<Point><coordinates>12.5686,55.675</coordinates></Point>
9	<Point><coordinates>8.28844,51.3472</coordinates></Point>
9	<Point><coordinates>9.88682,54.4175</coordinates></Point>
3	<Point><coordinates>11.587,50.927</coordinates></Point>
2	<Point><coordinates>23.8924,54.8969</coordinates></Point>
2	<Point><coordinates>11.5722,49.631</coordinates></Point>
2	<Point><coordinates>135.752,35.0085</coordinates></Point>
9	<Point><coordinates>-3.78181,55.6739</coordinates></Point>
9	<Point><coordinates>15.2333,52.7333</coordinates></Point>
1	<Point><coordinates>0.5,48</coordinates></Point>
9	<Point><coordinates>4.49015,52.1611</coordinates></Point>
9	<Point><coordinates>8.26664,50.001</coordinates></Point>
9	<Point><coordinates>10.1138,51.9183</coordinates></Point>
9	<Point><coordinates>7.5,50.95</coordinates></Point>
9	<Point><coordinates>10.981,52.6969</coordinates></Point>
2	<Point><coordinates>13.2995,51.0581</coordinates></Point>
9	<Point><coordinates>8.5833,50.2</coordinates></Point>
9	<Point><coordinates>8.2,53.1667</coordinates></Point>
9	<Point><coordinates>8.01161,50.3827</coordinates></Point>
9	<Point><coordinates>8.42255,53.3422</coordinates></Point>
NA	<Point><coordinates>6.193019,60.385543</coordinates></Point>
2	<Point><coordinates>29,59</coordinates></Point>
2	<Point><coordinates>10.51,47.04</coordinates></Point>
9	<Point><coordinates>10.6065,53.476</coordinates></Point>
1	<Point><coordinates>-2.96591,48.0653</coordinates></Point>
9	<Point><coordinates>5.56667,51.9667</coordinates></Point>
7	<Point><coordinates>38.28,49</coordinates></Point>
2	<Point><coordinates>11.5614,46.5438</coordinates></Point>
9	<Point><coordinates>8.02341,50.8738</coordinates></Point>
3	<Point><coordinates>13.181,52.5339</coordinates></Point>
3	<Point><coordinates>11.8558,52.6058</coordinates></Point>
2	<Point><coordinates>36,52</coordinates></Point>
9	<Point><coordinates>4.3,52.08</coordinates></Point>
3	<Point><coordinates>14.9,56.5</coordinates></Point>
2	<Point><coordinates>9.9042,47.0748</coordinates></Point>
9	<Point><coordinates>136.31,34.43</coordinates></Point>
9	<Point><coordinates>7.7667,48.0333</coordinates></Point>
9	<Point><coordinates>5.55,52.0333</coordinates></Point>
2	<Point><coordinates>21,52.3</coordinates></Point>
9	<Point><coordinates>10.0667,52.6</coordinates></Point>
2	<Point><coordinates>10.8134,47.9299</coordinates></Point>
9	<Point><coordinates>9.9361,49.7878</coordinates></Point>
1	<Point><coordinates>-119.35,37.45</coordinates></Point>
9	<Point><coordinates>8.32213,50.3058</coordinates></Point>
9	<Point><coordinates>6.25,48.6167</coordinates></Point>
9	<Point><coordinates>-71.2825,41.7302</coordinates></Point>
1	<Point><coordinates>2,49</coordinates></Point>
11	<Point><coordinates>17.9103,62.7989</coordinates></Point>
3	<Point><coordinates>16.5,56.68</coordinates></Point>
3	<Point><coordinates>16,56.3</coordinates></Point>
3	<Point><coordinates>15.8127,56.4606</coordinates></Point>
2	<Point><coordinates>17.1,48.8</coordinates></Point>
2	<Point><coordinates>15.76,49.33</coordinates></Point>
3	<Point><coordinates>13.1,55.8</coordinates></Point>
3	<Point><coordinates>13.196,55.705</coordinates></Point>
3	<Point><coordinates>13.821,55.9473</coordinates></Point>
3	<Point><coordinates>15.7884,56.1494</coordinates></Point>
9	<Point><coordinates>11.2547,43.7703</coordinates></Point>
9	<Point><coordinates>2.3086,48.6103</coordinates></Point>
1	<Point><coordinates>-79.18,35</coordinates></Point>
6	<Point><coordinates>13.74,56.07</coordinates></Point>
3	<Point><coordinates>15.8,57.7</coordinates></Point>
10	<Point><coordinates>2.8,41.6833</coordinates></Point>
2	<Point><coordinates>11.5,47.5</coordinates></Point>
9	<Point><coordinates>7.5,50.5</coordinates></Point>
9	<Point><coordinates>12.37,44</coordinates></Point>
9	<Point><coordinates>1.5,47.5</coordinates></Point>
11	<Point><coordinates>18.37,60.25</coordinates></Point>
7	<Point><coordinates>56.3167,58</coordinates></Point>
10	<Point><coordinates>2.25,41.5</coordinates></Point>
2	<Point><coordinates>16,49</coordinates></Point>
11	<Point><coordinates>18,62.69</coordinates></Point>
9	<Point><coordinates>18,59</coordinates></Point>
9	<Point><coordinates>8.5333,50.0667</coordinates></Point>
3	<Point><coordinates>13.9167,56.1</coordinates></Point>
3	<Point><coordinates>16.6333,57.75</coordinates></Point>
NA	<Point><coordinates>48.5594,38.9786</coordinates></Point>
NA	<Point><coordinates>46.2831,41.8296</coordinates></Point>
8	<Point><coordinates>43.4767,41.7942</coordinates></Point>
7	<Point><coordinates>44.8203,40.1408</coordinates></Point>
1	<Point><coordinates>-3.21833,55.9681</coordinates></Point>
1	<Point><coordinates>-3.96722,57.9672</coordinates></Point>
11	<Point><coordinates>18.381,62.8698</coordinates></Point>
3	<Point><coordinates>18.4473,62.8794</coordinates></Point>
3	<Point><coordinates>15.0689,57.7133</coordinates></Point>
3	<Point><coordinates>18.1512,57.3089</coordinates></Point>
11	<Point><coordinates>18.4045,62.9147</coordinates></Point>
11	<Point><coordinates>18.3175,63.016</coordinates></Point>
6	<Point><coordinates>13.3742,55.7488</coordinates></Point>
3	<Point><coordinates>16.4063,56.5804</coordinates></Point>
3	<Point><coordinates>13.9905,55.4234</coordinates></Point>
3	<Point><coordinates>14.8549,57.8765</coordinates></Point>
3	<Point><coordinates>13.9519,56.047</coordinates></Point>
3	<Point><coordinates>14.302,56.0573</coordinates></Point>
3	<Point><coordinates>18.3837,57.7215</coordinates></Point>
3	<Point><coordinates>14.3997,55.9745</coordinates></Point>
11	<Point><coordinates>18.4055,62.8815</coordinates></Point>
3	<Point><coordinates>14.8043,57.6511</coordinates></Point>
3	<Point><coordinates>13.8484,55.4242</coordinates></Point>
1	<Point><coordinates>-3.21072,55.8877</coordinates></Point>
4	<Point><coordinates>-7.47,40.11</coordinates></Point>
8	<Point><coordinates>-7.5,38.45</coordinates></Point>
4	<Point><coordinates>-7.11,40.04</coordinates></Point>
4	<Point><coordinates>-7.4,39.29</coordinates></Point>
8	<Point><coordinates>-7.59,38.75</coordinates></Point>
8	<Point><coordinates>-8.02,38.53</coordinates></Point>
8	<Point><coordinates>-7.84,38.22</coordinates></Point>
4	<Point><coordinates>-4.07,38.77</coordinates></Point>
8	<Point><coordinates>-4.54,39.15</coordinates></Point>
8	<Point><coordinates>-6.89,39.72</coordinates></Point>
4	<Point><coordinates>-7.8,42.19</coordinates></Point>
10	<Point><coordinates>-0.36,39.88</coordinates></Point>
10	<Point><coordinates>2.64,41.94</coordinates></Point>
4	<Point><coordinates>-3.68,41.7</coordinates></Point>
10	<Point><coordinates>2.13,41.43</coordinates></Point>
8	<Point><coordinates>-5.27,36.52</coordinates></Point>
4	<Point><coordinates>-2.66,38.37</coordinates></Point>
10	<Point><coordinates>-0.56,42.52</coordinates></Point>
10	<Point><coordinates>0.54,42.49</coordinates></Point>
10	<Point><coordinates>2.39,41.54</coordinates></Point>
4	<Point><coordinates>-5.74,40.37</coordinates></Point>
10	<Point><coordinates>-1.37,40.94</coordinates></Point>
10	<Point><coordinates>-3.36,36.97</coordinates></Point>
5	<Point><coordinates>-4.32,38.25</coordinates></Point>
4	<Point><coordinates>-4.54,41.21</coordinates></Point>
4	<Point><coordinates>-4.64,42.23</coordinates></Point>
5	<Point><coordinates>-4.32,41.15</coordinates></Point>
4	<Point><coordinates>-4.65,40.05</coordinates></Point>
10	<Point><coordinates>3.19,42.31</coordinates></Point>
10	<Point><coordinates>-2,40.83</coordinates></Point>
8	<Point><coordinates>-6.66,38.07</coordinates></Point>
4	<Point><coordinates>-6.67,40.29</coordinates></Point>
10	<Point><coordinates>2.34,41.81</coordinates></Point>
8	<Point><coordinates>-5.42,38.26</coordinates></Point>
5	<Point><coordinates>-4.05,40.79</coordinates></Point>
5	<Point><coordinates>-5.39,36.77</coordinates></Point>
8	<Point><coordinates>-5.33,39.4</coordinates></Point>
5	<Point><coordinates>-5.78,39.4</coordinates></Point>
10	<Point><coordinates>-1.68,40.82</coordinates></Point>
10	<Point><coordinates>2.62,41.67</coordinates></Point>
4	<Point><coordinates>-5,40.4</coordinates></Point>
5	<Point><coordinates>-3.69,42.23</coordinates></Point>
4	<Point><coordinates>-5.92,42.28</coordinates></Point>
4	<Point><coordinates>-4.71,41.58</coordinates></Point>
5	<Point><coordinates>-3.16,38.86</coordinates></Point>
5	<Point><coordinates>-3.93,39.58</coordinates></Point>
4	<Point><coordinates>-4.34,39.66</coordinates></Point>
10	<Point><coordinates>0.7,42.46</coordinates></Point>
4	<Point><coordinates>-5.64,41.57</coordinates></Point>
4	<Point><coordinates>-4.38,38.06</coordinates></Point>
8	<Point><coordinates>-6.24,38.19</coordinates></Point>
4	<Point><coordinates>-5.04,40.71</coordinates></Point>
10	<Point><coordinates>2,41.67</coordinates></Point>
10	<Point><coordinates>-1.6,40.45</coordinates></Point>
10	<Point><coordinates>-1.23,42.97</coordinates></Point>
10	<Point><coordinates>1.3,42.34</coordinates></Point>
4	<Point><coordinates>-6.45,42.87</coordinates></Point>
1	<Point><coordinates>-6.01,43.28</coordinates></Point>
10	<Point><coordinates>2.99,41.86</coordinates></Point>
4	<Point><coordinates>-2.7,38.6</coordinates></Point>
4	<Point><coordinates>-4.11,40.86</coordinates></Point>
10	<Point><coordinates>2.17,42.34</coordinates></Point>
4	<Point><coordinates>-6.7,42.13</coordinates></Point>
4	<Point><coordinates>-3.51,38.33</coordinates></Point>
4	<Point><coordinates>-5.12,42.84</coordinates></Point>
10	<Point><coordinates>-1.63,41.48</coordinates></Point>
5	<Point><coordinates>-3.38,37.09</coordinates></Point>
4	<Point><coordinates>-3.58,41.19</coordinates></Point>
4	<Point><coordinates>-7.39,43.4</coordinates></Point>
4	<Point><coordinates>-3.27,41.03</coordinates></Point>
4	<Point><coordinates>-1.88,41.5</coordinates></Point>
10	<Point><coordinates>0.6,42.11</coordinates></Point>
4	<Point><coordinates>-2.83,41.6</coordinates></Point>
4	<Point><coordinates>-5.49,43.37</coordinates></Point>
4	<Point><coordinates>-3.59,42.86</coordinates></Point>
10	<Point><coordinates>-2.99,42.26</coordinates></Point>
10	<Point><coordinates>1.01,42.04</coordinates></Point>
4	<Point><coordinates>-5.5,40.89</coordinates></Point>
4	<Point><coordinates>-7.45,41.95</coordinates></Point>
4	<Point><coordinates>-2.53,42.31</coordinates></Point>
5	<Point><coordinates>-6.51,41.88</coordinates></Point>
4	<Point><coordinates>-5.77,42.8</coordinates></Point>
5	<Point><coordinates>-6.04,39.85</coordinates></Point>
10	<Point><coordinates>-1.88,41.85</coordinates></Point>
4	<Point><coordinates>-3.96,40.5</coordinates></Point>
5	<Point><coordinates>-7.45,31.48</coordinates></Point>
7	<Point><coordinates>59.98,51.41</coordinates></Point>
7	<Point><coordinates>51.96,53.04</coordinates></Point>
7	<Point><coordinates>51.9,53.04</coordinates></Point>
7	<Point><coordinates>51.94,53.04</coordinates></Point>
7	<Point><coordinates>52.16,52.99</coordinates></Point>
7	<Point><coordinates>51.96,53.06</coordinates></Point>
7	<Point><coordinates>79.48,51.84</coordinates></Point>
2	<Point><coordinates>85.27,52.52</coordinates></Point>
7	<Point><coordinates>82.59,51.31</coordinates></Point>
7	<Point><coordinates>82.59,51.36</coordinates></Point>
7	<Point><coordinates>82.18,51.35</coordinates></Point>
7	<Point><coordinates>82.16,51.34</coordinates></Point>
7	<Point><coordinates>80.79,51.65</coordinates></Point>
7	<Point><coordinates>80.82,51.67</coordinates></Point>
7	<Point><coordinates>81.31,54.13</coordinates></Point>
7	<Point><coordinates>80.6,51.87</coordinates></Point>
7	<Point><coordinates>80.82,51.75</coordinates></Point>
7	<Point><coordinates>80.85,51.77</coordinates></Point>
7	<Point><coordinates>80.86,51.73</coordinates></Point>
7	<Point><coordinates>80.06,51.87</coordinates></Point>
7	<Point><coordinates>80.06,51.9</coordinates></Point>
7	<Point><coordinates>80.06,51.84</coordinates></Point>
7	<Point><coordinates>79.31,52.1</coordinates></Point>
2	<Point><coordinates>18.72,45.07</coordinates></Point>
2	<Point><coordinates>18.7,45.17</coordinates></Point>
8	<Point><coordinates>16.77,40.37</coordinates></Point>
8	<Point><coordinates>16.17,39.13</coordinates></Point>
8	<Point><coordinates>14.87,40.68</coordinates></Point>
8	<Point><coordinates>16.13,38.44</coordinates></Point>
8	<Point><coordinates>17.31,40.64</coordinates></Point>
8	<Point><coordinates>16.04,38.45</coordinates></Point>
8	<Point><coordinates>14.18,41.18</coordinates></Point>
8	<Point><coordinates>14.57,40.84</coordinates></Point>
8	<Point><coordinates>16.21,39.58</coordinates></Point>
8	<Point><coordinates>14.09,41.33</coordinates></Point>
8	<Point><coordinates>23.94,41.62</coordinates></Point>
8	<Point><coordinates>23.85,41.57</coordinates></Point>
8	<Point><coordinates>23.14,41.37</coordinates></Point>
8	<Point><coordinates>25.91,43.7</coordinates></Point>
8	<Point><coordinates>23.33,41.5</coordinates></Point>
8	<Point><coordinates>24.18,41.64</coordinates></Point>
8	<Point><coordinates>24.84,41.57</coordinates></Point>
8	<Point><coordinates>25.35,41.62</coordinates></Point>
8	<Point><coordinates>25.61,42.49</coordinates></Point>
8	<Point><coordinates>25.75,41.84</coordinates></Point>
8	<Point><coordinates>24.98,41.54</coordinates></Point>
8	<Point><coordinates>25.47,41.66</coordinates></Point>
8	<Point><coordinates>24.75,41.55</coordinates></Point>
8	<Point><coordinates>25.69,41.83</coordinates></Point>
8	<Point><coordinates>25.68,41.77</coordinates></Point>
8	<Point><coordinates>24.41,41.71</coordinates></Point>
8	<Point><coordinates>23.67,41.42</coordinates></Point>
8	<Point><coordinates>23.08,37.6</coordinates></Point>
8	<Point><coordinates>22.04,37.07</coordinates></Point>
2	<Point><coordinates>18.96,48.47</coordinates></Point>
7	<Point><coordinates>25.17,44.69</coordinates></Point>
7	<Point><coordinates>22.62,45.95</coordinates></Point>
2	<Point><coordinates>25.42,45.57</coordinates></Point>
2	<Point><coordinates>22.33,46.01</coordinates></Point>
2	<Point><coordinates>23.16,45.84</coordinates></Point>
7	<Point><coordinates>25,45.14</coordinates></Point>
2	<Point><coordinates>27.59,47.16</coordinates></Point>
2	<Point><coordinates>21.22,44.38</coordinates></Point>
2	<Point><coordinates>21.71,44.23</coordinates></Point>
8	<Point><coordinates>22.29,43.54</coordinates></Point>
2	<Point><coordinates>21.37,44.66</coordinates></Point>
8	<Point><coordinates>22.56,44.56</coordinates></Point>
7	<Point><coordinates>88.4,47.75</coordinates></Point>
8	<Point><coordinates>49.47,37.47</coordinates></Point>
2	<Point><coordinates>35.7,33.92</coordinates></Point>
5	<Point><coordinates>14.98,37.69</coordinates></Point>
5	<Point><coordinates>35.84,34.1</coordinates></Point>
7	<Point><coordinates>74.16,42.26</coordinates></Point>
2	<Point><coordinates>8.99,48.55</coordinates></Point>
2	<Point><coordinates>9.11,48.56</coordinates></Point>
2	<Point><coordinates>8.85,48.41</coordinates></Point>
2	<Point><coordinates>9.22,48.59</coordinates></Point>
2	<Point><coordinates>8.79,48.41</coordinates></Point>
2	<Point><coordinates>9.17,48.57</coordinates></Point>
2	<Point><coordinates>8.78,48.5</coordinates></Point>
2	<Point><coordinates>9.11,48.52</coordinates></Point>
2	<Point><coordinates>9.09,48.53</coordinates></Point>
2	<Point><coordinates>8.8,48.5</coordinates></Point>
2	<Point><coordinates>9,48.5</coordinates></Point>
2	<Point><coordinates>8.96,48.39</coordinates></Point>
2	<Point><coordinates>9.18,48.58</coordinates></Point>
2	<Point><coordinates>9.2,48.6</coordinates></Point>
2	<Point><coordinates>9.11,48.5</coordinates></Point>
2	<Point><coordinates>8.85,48.39</coordinates></Point>
2	<Point><coordinates>9.11,48.51</coordinates></Point>
2	<Point><coordinates>8.76,48.42</coordinates></Point>
2	<Point><coordinates>8.87,48.45</coordinates></Point>
2	<Point><coordinates>9.22,48.6</coordinates></Point>
2	<Point><coordinates>9.07,48.53</coordinates></Point>
2	<Point><coordinates>9.03,48.52</coordinates></Point>
2	<Point><coordinates>8.77,48.4</coordinates></Point>
2	<Point><coordinates>8.79,48.42</coordinates></Point>
4	<Point><coordinates>-6.6,39.84</coordinates></Point>
4	<Point><coordinates>-3.03,42.35</coordinates></Point>
4	<Point><coordinates>-4.71,41</coordinates></Point>
10	<Point><coordinates>2.49,41.81</coordinates></Point>
4	<Point><coordinates>-4.02,40.52</coordinates></Point>
1	<Point><coordinates>-5.84,43.34</coordinates></Point>
4	<Point><coordinates>-3.88,40.4</coordinates></Point>
4	<Point><coordinates>-6.71,42.49</coordinates></Point>
9	<Point><coordinates>0.69,42.78</coordinates></Point>
4	<Point><coordinates>-6.15,42.5</coordinates></Point>
4	<Point><coordinates>-3.28,36.97</coordinates></Point>
4	<Point><coordinates>-3.39,38.54</coordinates></Point>
5	<Point><coordinates>-3.69,40.54</coordinates></Point>
4	<Point><coordinates>-4.21,40.38</coordinates></Point>
4	<Point><coordinates>-3.9,40.51</coordinates></Point>
4	<Point><coordinates>-6.57,40.61</coordinates></Point>
10	<Point><coordinates>-1.32,41.25</coordinates></Point>
5	<Point><coordinates>-5.6,37.94</coordinates></Point>
4	<Point><coordinates>-5.38,41.83</coordinates></Point>
4	<Point><coordinates>-4.27,40.44</coordinates></Point>
10	<Point><coordinates>-1.43,41.13</coordinates></Point>
4	<Point><coordinates>-4.15,40.59</coordinates></Point>
4	<Point><coordinates>-3.92,40.53</coordinates></Point>
4	<Point><coordinates>-3.96,40.48</coordinates></Point>
4	<Point><coordinates>-3.02,42.31</coordinates></Point>
1	<Point><coordinates>-5.7,43.31</coordinates></Point>
4	<Point><coordinates>-5.77,40.11</coordinates></Point>
4	<Point><coordinates>-4.11,40.65</coordinates></Point>
10	<Point><coordinates>-0.7,42.86</coordinates></Point>
4	<Point><coordinates>-3.75,40.46</coordinates></Point>
1	<Point><coordinates>-5.91,43.33</coordinates></Point>
1	<Point><coordinates>-5.88,43.36</coordinates></Point>
4	<Point><coordinates>-3.89,40.57</coordinates></Point>
10	<Point><coordinates>-2.79,41.89</coordinates></Point>
4	<Point><coordinates>-3.22,40.94</coordinates></Point>
10	<Point><coordinates>2.37,41.78</coordinates></Point>
5	<Point><coordinates>-5.28,36.76</coordinates></Point>
10	<Point><coordinates>0.17,41.91</coordinates></Point>
5	<Point><coordinates>-3.99,40.75</coordinates></Point>
8	<Point><coordinates>-5.45,37.94</coordinates></Point>
4	<Point><coordinates>-3,42.34</coordinates></Point>
1	<Point><coordinates>-5.87,43.38</coordinates></Point>
10	<Point><coordinates>0.99,41.34</coordinates></Point>
10	<Point><coordinates>-3.62,40.78</coordinates></Point>
5	<Point><coordinates>-1.12,37.6</coordinates></Point>
10	<Point><coordinates>-3.44,42.72</coordinates></Point>
4	<Point><coordinates>-5.32,40.46</coordinates></Point>
4	<Point><coordinates>-4.26,40.46</coordinates></Point>
4	<Point><coordinates>-2.56,42.1</coordinates></Point>
4	<Point><coordinates>-3.68,41.14</coordinates></Point>
10	<Point><coordinates>1.73,42.38</coordinates></Point>
5	<Point><coordinates>-4.77,40.4</coordinates></Point>
10	<Point><coordinates>-3.31,40.93</coordinates></Point>
4	<Point><coordinates>-5.07,43.16</coordinates></Point>
10	<Point><coordinates>2.92,41.93</coordinates></Point>
4	<Point><coordinates>-6.96,42.68</coordinates></Point>
10	<Point><coordinates>0.76,42.59</coordinates></Point>
10	<Point><coordinates>2.57,41.78</coordinates></Point>
4	<Point><coordinates>-5.63,40.95</coordinates></Point>
4	<Point><coordinates>-3.58,41.14</coordinates></Point>
10	<Point><coordinates>0.84,42.54</coordinates></Point>
8	<Point><coordinates>-6.01,37.38</coordinates></Point>
10	<Point><coordinates>-2.98,42.27</coordinates></Point>
10	<Point><coordinates>-3.24,40.71</coordinates></Point>
4	<Point><coordinates>-3.1,42.31</coordinates></Point>
4	<Point><coordinates>-3.31,40.95</coordinates></Point>
5	<Point><coordinates>-4.01,40.76</coordinates></Point>
10	<Point><coordinates>4.25,40</coordinates></Point>
1	<Point><coordinates>3.52,50.68</coordinates></Point>
2	<Point><coordinates>3.94,47.45</coordinates></Point>
9	<Point><coordinates>5.21,47.43</coordinates></Point>
1	<Point><coordinates>4.32,48.54</coordinates></Point>
9	<Point><coordinates>4.24,48.59</coordinates></Point>
1	<Point><coordinates>4.52,48.91</coordinates></Point>
1	<Point><coordinates>3.69,44.05</coordinates></Point>
9	<Point><coordinates>3.77,44.12</coordinates></Point>
7	<Point><coordinates>3.89,43.74</coordinates></Point>
9	<Point><coordinates>2.93,50.6</coordinates></Point>
1	<Point><coordinates>2.69,50.79</coordinates></Point>
1	<Point><coordinates>2.99,50.65</coordinates></Point>
NA	<Point><coordinates>-8.54,40.92</coordinates></Point>
5	<Point><coordinates>-6.36,36.83</coordinates></Point>
5	<Point><coordinates>-3.9,40.74</coordinates></Point>
NA	<Point><coordinates>42.22,38.3</coordinates></Point>
NA	<Point><coordinates>34.38,44.64</coordinates></Point>
NA	<Point><coordinates>48.8,38.65</coordinates></Point>
2	<Point><coordinates>16.5,49.17</coordinates></Point>
NA	<Point><coordinates>NA,NA</coordinates></Point>
NA	<Point><coordinates>NA,NA</coordinates></Point>
